[
{
  "model": "sessions.session",
  "pk": "3gcpcuzxrq56gky86jeltd1sxm23ad0p",
  "fields": {
    "session_data": "MTc4OTQ5YjQ4MzAwYTE2MDUzOWEyNGJiZmMxMzY5M2Y1NGVlOWNhMjp7Il9hdXRoX3VzZXJfaWQiOiIxIiwiX2F1dGhfdXNlcl9iYWNrZW5kIjoiZGphbmdvLmNvbnRyaWIuYXV0aC5iYWNrZW5kcy5Nb2RlbEJhY2tlbmQiLCJfYXV0aF91c2VyX2hhc2giOiJlMDA0OTUwYTA1YWJmNmEyNTc2YWUwODM5NzQ0NDNhODVkZWUwNTY3In0=",
    "expire_date": "2019-09-22T06:18:06.994Z"
  }
},
{
  "model": "sessions.session",
  "pk": "eha9nds3g1dzc5lx6gtedm3a3r5plfvd",
  "fields": {
    "session_data": "MTc4OTQ5YjQ4MzAwYTE2MDUzOWEyNGJiZmMxMzY5M2Y1NGVlOWNhMjp7Il9hdXRoX3VzZXJfaWQiOiIxIiwiX2F1dGhfdXNlcl9iYWNrZW5kIjoiZGphbmdvLmNvbnRyaWIuYXV0aC5iYWNrZW5kcy5Nb2RlbEJhY2tlbmQiLCJfYXV0aF91c2VyX2hhc2giOiJlMDA0OTUwYTA1YWJmNmEyNTc2YWUwODM5NzQ0NDNhODVkZWUwNTY3In0=",
    "expire_date": "2019-08-29T13:47:33.125Z"
  }
},
{
  "model": "sessions.session",
  "pk": "m8bldpcjhctotstzwv74c5f0rwh3x334",
  "fields": {
    "session_data": "MTc4OTQ5YjQ4MzAwYTE2MDUzOWEyNGJiZmMxMzY5M2Y1NGVlOWNhMjp7Il9hdXRoX3VzZXJfaWQiOiIxIiwiX2F1dGhfdXNlcl9iYWNrZW5kIjoiZGphbmdvLmNvbnRyaWIuYXV0aC5iYWNrZW5kcy5Nb2RlbEJhY2tlbmQiLCJfYXV0aF91c2VyX2hhc2giOiJlMDA0OTUwYTA1YWJmNmEyNTc2YWUwODM5NzQ0NDNhODVkZWUwNTY3In0=",
    "expire_date": "2019-11-10T08:36:08.818Z"
  }
},
{
  "model": "sessions.session",
  "pk": "w2biecn7wa5a9h1p150huxe8fey4vg90",
  "fields": {
    "session_data": "MTc4OTQ5YjQ4MzAwYTE2MDUzOWEyNGJiZmMxMzY5M2Y1NGVlOWNhMjp7Il9hdXRoX3VzZXJfaWQiOiIxIiwiX2F1dGhfdXNlcl9iYWNrZW5kIjoiZGphbmdvLmNvbnRyaWIuYXV0aC5iYWNrZW5kcy5Nb2RlbEJhY2tlbmQiLCJfYXV0aF91c2VyX2hhc2giOiJlMDA0OTUwYTA1YWJmNmEyNTc2YWUwODM5NzQ0NDNhODVkZWUwNTY3In0=",
    "expire_date": "2019-08-25T04:08:51.544Z"
  }
},
{
  "model": "sessions.session",
  "pk": "wob063ygyqjb66rpl2evc8gztoovzrfl",
  "fields": {
    "session_data": "MTc4OTQ5YjQ4MzAwYTE2MDUzOWEyNGJiZmMxMzY5M2Y1NGVlOWNhMjp7Il9hdXRoX3VzZXJfaWQiOiIxIiwiX2F1dGhfdXNlcl9iYWNrZW5kIjoiZGphbmdvLmNvbnRyaWIuYXV0aC5iYWNrZW5kcy5Nb2RlbEJhY2tlbmQiLCJfYXV0aF91c2VyX2hhc2giOiJlMDA0OTUwYTA1YWJmNmEyNTc2YWUwODM5NzQ0NDNhODVkZWUwNTY3In0=",
    "expire_date": "2019-08-04T09:33:30.584Z"
  }
},
{
  "model": "blog.author",
  "pk": 1,
  "fields": {
    "user": 1,
    "profile_picture": "mo.jpg"
  }
},
{
  "model": "blog.author",
  "pk": 2,
  "fields": {
    "user": 2,
    "profile_picture": ""
  }
},
{
  "model": "blog.category",
  "pk": 1,
  "fields": {
    "name": "General"
  }
},
{
  "model": "blog.category",
  "pk": 2,
  "fields": {
    "name": "Python"
  }
},
{
  "model": "blog.category",
  "pk": 3,
  "fields": {
    "name": "JavaScript"
  }
},
{
  "model": "blog.category",
  "pk": 4,
  "fields": {
    "name": "Personal"
  }
},
{
  "model": "blog.post",
  "pk": 1,
  "fields": {
    "creator": null,
    "title": "test post 1",
    "tagline": null,
    "body": "first post to check",
    "thumbnail": "",
    "created_on": "2019-07-21T09:34:29.844Z",
    "last_modified": "2019-07-21T09:34:29.844Z",
    "featured": false,
    "categories": [
      1
    ]
  }
},
{
  "model": "blog.post",
  "pk": 2,
  "fields": {
    "creator": 1,
    "title": "second post to add 2",
    "tagline": null,
    "body": "testing purpose bitch",
    "thumbnail": "oneuniweb.png",
    "created_on": "2019-07-21T09:34:44.938Z",
    "last_modified": "2019-09-08T18:29:36.667Z",
    "featured": true,
    "categories": [
      2
    ]
  }
},
{
  "model": "blog.post",
  "pk": 3,
  "fields": {
    "creator": 1,
    "title": "third post to add",
    "tagline": null,
    "body": "sdasdsa ad sada vdasvda asd dsa dasd\r\nsadadadasdas fds\r\nfsd\r\nf\r\nsd\r\nf\r\nsdf\r\nsdf\r\nsd\r\nf\r\nfs\r\ndf\r\nsdf",
    "thumbnail": "Screenshot_from_2019-07-17_13-15-00.png",
    "created_on": "2019-07-21T09:34:57.983Z",
    "last_modified": "2019-09-08T18:30:13.329Z",
    "featured": true,
    "categories": [
      3
    ]
  }
},
{
  "model": "blog.post",
  "pk": 4,
  "fields": {
    "creator": 1,
    "title": "AI test post",
    "tagline": "fuck me over the moon",
    "body": "that is exactly whats going to happen.",
    "thumbnail": "AI__Applications_suggestions.png",
    "created_on": "2019-07-21T11:40:29.942Z",
    "last_modified": "2019-09-08T18:28:40.410Z",
    "featured": false,
    "categories": [
      1
    ]
  }
},
{
  "model": "blog.comment",
  "pk": 1,
  "fields": {
    "author": "mo",
    "body": "this is the first comment",
    "created_on": "2019-07-21T11:26:39.609Z",
    "post": 1
  }
},
{
  "model": "projects.technology",
  "pk": 1,
  "fields": {
    "name": "Python"
  }
},
{
  "model": "projects.technology",
  "pk": 2,
  "fields": {
    "name": "Java"
  }
},
{
  "model": "projects.technology",
  "pk": 3,
  "fields": {
    "name": "Wordpress"
  }
},
{
  "model": "projects.technology",
  "pk": 4,
  "fields": {
    "name": "Django"
  }
},
{
  "model": "projects.category",
  "pk": 1,
  "fields": {
    "title": "Python"
  }
},
{
  "model": "projects.category",
  "pk": 2,
  "fields": {
    "title": "Django"
  }
},
{
  "model": "projects.category",
  "pk": 3,
  "fields": {
    "title": "Java"
  }
},
{
  "model": "projects.category",
  "pk": 4,
  "fields": {
    "title": "Business"
  }
},
{
  "model": "projects.category",
  "pk": 5,
  "fields": {
    "title": "Wordpress"
  }
},
{
  "model": "projects.category",
  "pk": 6,
  "fields": {
    "title": "MongoDb"
  }
},
{
  "model": "projects.category",
  "pk": 7,
  "fields": {
    "title": "Node.js"
  }
},
{
  "model": "projects.category",
  "pk": 8,
  "fields": {
    "title": "Angular"
  }
},
{
  "model": "projects.category",
  "pk": 9,
  "fields": {
    "title": "Bootstrap4"
  }
},
{
  "model": "projects.category",
  "pk": 10,
  "fields": {
    "title": "PostgreSQL"
  }
},
{
  "model": "projects.images",
  "pk": 1,
  "fields": {
    "image": "Projects/oneuniweb_8ZkFTmx.png"
  }
},
{
  "model": "projects.images",
  "pk": 2,
  "fields": {
    "image": "Projects/AI__Applications_suggestions.png"
  }
},
{
  "model": "projects.project",
  "pk": 1,
  "fields": {
    "title": "Hla-Media",
    "slug": "hla-media",
    "description": "description of Hla-media",
    "video": "",
    "website": "http://hla-media.com/",
    "ajax_id": "hla-media",
    "featured": false,
    "thumbnail": "Thumbnail/hla-media.png",
    "image": [],
    "technology": [
      3
    ],
    "category": [
      5
    ]
  }
},
{
  "model": "projects.project",
  "pk": 2,
  "fields": {
    "title": "Mo Salam (Personal Website)",
    "slug": "mo-salam",
    "description": "personal website description",
    "video": "",
    "website": "http://mosalam.me",
    "ajax_id": "mosalam",
    "featured": true,
    "thumbnail": "Thumbnail/mosalamweb.png",
    "image": [],
    "technology": [
      1,
      4
    ],
    "category": [
      1,
      2,
      9,
      10
    ]
  }
},
{
  "model": "projects.project",
  "pk": 3,
  "fields": {
    "title": "1UNi",
    "slug": "1uni",
    "description": "java project 1UNi",
    "video": "https://www.youtube.com/embed/2Nz6IUfJ0_s",
    "website": "https://1uni.net",
    "ajax_id": "1uni",
    "featured": true,
    "thumbnail": "Thumbnail/oneuniweb.png",
    "image": [
      1,
      2
    ],
    "technology": [
      2
    ],
    "category": [
      3,
      6,
      7,
      8
    ]
  }
},
{
  "model": "resume.bio",
  "pk": 1,
  "fields": {
    "name": "Mo Salam",
    "bio_body": "A serial Entrepreneur with engineering as well as business background who managed and consulted more than 15 Start-up\u2019s in the tech industry for the last 10 years.He is driven by a strong passion for technology-empowered by entrepreneurial skills and therefore worked with various technologies such as (HTML, CSS, JavaScript, Python, Java , Angular JS, PHP,JSON,XML,Git, AWS, WordPress, Heroku, DigitalOcean, Linux, CLI, Django, OpenCV,\u2026)</br>\r\n\r\nFor more on the projects he has worked on check out the <a href=\"#mh-portfolio\"> Projects</a> page</br></ln>\r\n\r\nIn business he has raised sales above 6.6+ Million RM (1.6+ M USD) in less than a year through inbound marketing techniques, gained as a chief operations officer at YouSocial a profit margin of 60% and raised 166 K USD in seed funding for 2 of his Start-up\u2019s in the past 2 years.</br>\r\n\r\nCombining both business and engineering aspects sets him to become the Full Stack Entrepreneur he aspires. </br>\r\n\r\nBecause it is really important to know the WHAT and the WHY to master the HOW. It\u2019s all about Coding with a goal in mind. </br>"
  }
},
{
  "model": "resume.job_title",
  "pk": 1,
  "fields": {
    "job_title": "Software Engineer"
  }
},
{
  "model": "resume.job_title",
  "pk": 2,
  "fields": {
    "job_title": "Full Stack Developer"
  }
},
{
  "model": "resume.services",
  "pk": 1,
  "fields": {
    "title": "AI / Machine Learning",
    "description": "TensorFlow, Pytorch",
    "icon": "<i class=\"fa fa-object-ungroup sky-color\"></i>"
  }
},
{
  "model": "resume.services",
  "pk": 2,
  "fields": {
    "title": "Web Development",
    "description": "Backend: Python, Django, Django RestFramework, Java, Spring boot </br>\r\nfrontend : HTML, CSS, JavaScript, React.js",
    "icon": "<i class=\"fa fa-code iron-color\"></i>"
  }
},
{
  "model": "resume.services",
  "pk": 6,
  "fields": {
    "title": "Growth",
    "description": "Digital Marketing, Business Modeling Strategy, and more",
    "icon": "<i class=\"fa fa-bullseye purple-color\"></i>"
  }
},
{
  "model": "resume.testimonial",
  "pk": 1,
  "fields": {
    "person": "Pia",
    "company": "Piamo",
    "body": "Mo is the best in bed",
    "picture": "Testimonial/pro_pic_sq.jpg"
  }
},
{
  "model": "resume.testimonial",
  "pk": 2,
  "fields": {
    "person": "Pia Kircher",
    "company": "Piamo 2",
    "body": "Mo has the biggest dick",
    "picture": "Testimonial/face7.png"
  }
},
{
  "model": "resume.client",
  "pk": 1,
  "fields": {
    "name": "Hla-Media",
    "logo": "client/Hla_Media_logo.png",
    "link": "http://hla-media.com/"
  }
},
{
  "model": "resume.client",
  "pk": 2,
  "fields": {
    "name": "Spectrum",
    "logo": "client/spectrum.png",
    "link": "https://spectrumiis.edu.my/"
  }
},
{
  "model": "resume.client",
  "pk": 3,
  "fields": {
    "name": "Ticket4Cheap",
    "logo": "client/logo.png",
    "link": "#"
  }
},
{
  "model": "resume.education",
  "pk": 1,
  "fields": {
    "university": "IBSS(International Business School of Scandinavia)",
    "year": "2015-2018",
    "subject": "Bachelor of Business Administration - BBA",
    "overview": "Business administration is administration of a business. It includes all aspects of overseeing and supervising business operations, as well as related fields which include accounting, finance, project management and marketing."
  }
},
{
  "model": "resume.education",
  "pk": 2,
  "fields": {
    "university": "NewCairo Academy",
    "year": "2008-2014",
    "subject": "Electrical, Electronics and Communications Engineering",
    "overview": "I have studied 4 years in Engineering, have got a lot of knowledge, and open up my mind to the potential of technology and what actually I want to be. so I am glad I had this experience."
  }
},
{
  "model": "resume.experience",
  "pk": 1,
  "fields": {
    "job": "MSPR",
    "company": "Microsoft",
    "period": "Oct 2011 - 2013",
    "overview": "Chosen as Microsoft Student Partner Representative and nominated to be MSP following year.\r\nattended many training workshops such as :\r\n\r\n- Innovation Warm-Up Event \u2013 Microsoft Egypt\r\n- Adventure | Citizenship Warm-up \u2013 Microsoft Egypt"
  }
},
{
  "model": "resume.experience",
  "pk": 2,
  "fields": {
    "job": "Head Of Development & Technology",
    "company": "Accsellerate SDN BHD",
    "period": "Septmeber 2019 - Present",
    "overview": "Leading the Technology and Development Team in Accsellerate SDN BHD, part of Commerce.Asia group, to build a leading end to end SaaS solution for Business to manage all their business operations from accounting, sales, hr, and operations and introducing them to new opportunities inside a rich ecosystem enabled by our partners in commerce.asia."
  }
},
{
  "model": "resume.coding_skill",
  "pk": 1,
  "fields": {
    "skill": "Python",
    "level": "95%",
    "style_class": "skill-percentage skill-1"
  }
},
{
  "model": "resume.coding_skill",
  "pk": 2,
  "fields": {
    "skill": "Java",
    "level": "70%",
    "style_class": "skill-percentage skill-2"
  }
},
{
  "model": "resume.coding_skill",
  "pk": 3,
  "fields": {
    "skill": "Django",
    "level": "95%",
    "style_class": "skill-percentage skill-3"
  }
},
{
  "model": "resume.coding_skill",
  "pk": 4,
  "fields": {
    "skill": "React",
    "level": "70%",
    "style_class": "skill-percentage skill-1"
  }
},
{
  "model": "resume.technology",
  "pk": 1,
  "fields": {
    "technology": "Git",
    "level": "95",
    "style_class": "skill-percentage skill-5"
  }
},
{
  "model": "resume.technology",
  "pk": 2,
  "fields": {
    "technology": "AWS",
    "level": "80",
    "style_class": "skill-percentage skill-6"
  }
},
{
  "model": "resume.technology",
  "pk": 3,
  "fields": {
    "technology": "Docker",
    "level": "60",
    "style_class": "skill-percentage skill-7"
  }
},
{
  "model": "admin.logentry",
  "pk": 1,
  "fields": {
    "action_time": "2019-07-21T09:33:38.571Z",
    "user": 1,
    "content_type": 7,
    "object_id": "1",
    "object_repr": "Category object (1)",
    "action_flag": 1,
    "change_message": "[{\"added\": {}}]"
  }
},
{
  "model": "admin.logentry",
  "pk": 2,
  "fields": {
    "action_time": "2019-07-21T09:33:45.772Z",
    "user": 1,
    "content_type": 7,
    "object_id": "2",
    "object_repr": "Category object (2)",
    "action_flag": 1,
    "change_message": "[{\"added\": {}}]"
  }
},
{
  "model": "admin.logentry",
  "pk": 3,
  "fields": {
    "action_time": "2019-07-21T09:33:52.348Z",
    "user": 1,
    "content_type": 7,
    "object_id": "3",
    "object_repr": "Category object (3)",
    "action_flag": 1,
    "change_message": "[{\"added\": {}}]"
  }
},
{
  "model": "admin.logentry",
  "pk": 4,
  "fields": {
    "action_time": "2019-07-21T09:33:57.540Z",
    "user": 1,
    "content_type": 7,
    "object_id": "4",
    "object_repr": "Category object (4)",
    "action_flag": 1,
    "change_message": "[{\"added\": {}}]"
  }
},
{
  "model": "admin.logentry",
  "pk": 5,
  "fields": {
    "action_time": "2019-07-21T09:34:29.847Z",
    "user": 1,
    "content_type": 8,
    "object_id": "1",
    "object_repr": "Post object (1)",
    "action_flag": 1,
    "change_message": "[{\"added\": {}}]"
  }
},
{
  "model": "admin.logentry",
  "pk": 6,
  "fields": {
    "action_time": "2019-07-21T09:34:44.939Z",
    "user": 1,
    "content_type": 8,
    "object_id": "2",
    "object_repr": "Post object (2)",
    "action_flag": 1,
    "change_message": "[{\"added\": {}}]"
  }
},
{
  "model": "admin.logentry",
  "pk": 7,
  "fields": {
    "action_time": "2019-07-21T09:34:57.985Z",
    "user": 1,
    "content_type": 8,
    "object_id": "3",
    "object_repr": "Post object (3)",
    "action_flag": 1,
    "change_message": "[{\"added\": {}}]"
  }
},
{
  "model": "admin.logentry",
  "pk": 8,
  "fields": {
    "action_time": "2019-07-21T09:35:00.851Z",
    "user": 1,
    "content_type": 8,
    "object_id": "3",
    "object_repr": "Post object (3)",
    "action_flag": 2,
    "change_message": "[]"
  }
},
{
  "model": "admin.logentry",
  "pk": 9,
  "fields": {
    "action_time": "2019-07-21T11:29:28.081Z",
    "user": 1,
    "content_type": 10,
    "object_id": "1",
    "object_repr": "Author object (1)",
    "action_flag": 1,
    "change_message": "[{\"added\": {}}]"
  }
},
{
  "model": "admin.logentry",
  "pk": 10,
  "fields": {
    "action_time": "2019-07-21T11:32:17.886Z",
    "user": 1,
    "content_type": 4,
    "object_id": "2",
    "object_repr": "motest",
    "action_flag": 1,
    "change_message": "[{\"added\": {}}]"
  }
},
{
  "model": "admin.logentry",
  "pk": 11,
  "fields": {
    "action_time": "2019-07-21T11:32:23.635Z",
    "user": 1,
    "content_type": 10,
    "object_id": "2",
    "object_repr": "Author object (2)",
    "action_flag": 1,
    "change_message": "[{\"added\": {}}]"
  }
},
{
  "model": "admin.logentry",
  "pk": 12,
  "fields": {
    "action_time": "2019-07-21T11:40:29.945Z",
    "user": 1,
    "content_type": 8,
    "object_id": "4",
    "object_repr": "AI test post",
    "action_flag": 1,
    "change_message": "[{\"added\": {}}]"
  }
},
{
  "model": "admin.logentry",
  "pk": 13,
  "fields": {
    "action_time": "2019-07-24T04:58:14.063Z",
    "user": 1,
    "content_type": 12,
    "object_id": "1",
    "object_repr": "Software Engineer",
    "action_flag": 1,
    "change_message": "[{\"added\": {}}]"
  }
},
{
  "model": "admin.logentry",
  "pk": 14,
  "fields": {
    "action_time": "2019-07-24T04:58:50.151Z",
    "user": 1,
    "content_type": 12,
    "object_id": "2",
    "object_repr": "Full Stack Developer",
    "action_flag": 1,
    "change_message": "[{\"added\": {}}]"
  }
},
{
  "model": "admin.logentry",
  "pk": 15,
  "fields": {
    "action_time": "2019-07-24T04:59:30.735Z",
    "user": 1,
    "content_type": 11,
    "object_id": "1",
    "object_repr": "Mo Salam",
    "action_flag": 1,
    "change_message": "[{\"added\": {}}]"
  }
},
{
  "model": "admin.logentry",
  "pk": 16,
  "fields": {
    "action_time": "2019-07-24T06:08:29.372Z",
    "user": 1,
    "content_type": 13,
    "object_id": "1",
    "object_repr": "Front-end",
    "action_flag": 1,
    "change_message": "[{\"added\": {}}]"
  }
},
{
  "model": "admin.logentry",
  "pk": 17,
  "fields": {
    "action_time": "2019-07-24T06:08:41.455Z",
    "user": 1,
    "content_type": 13,
    "object_id": "2",
    "object_repr": "Back-end",
    "action_flag": 1,
    "change_message": "[{\"added\": {}}]"
  }
},
{
  "model": "admin.logentry",
  "pk": 18,
  "fields": {
    "action_time": "2019-07-24T06:08:48.783Z",
    "user": 1,
    "content_type": 13,
    "object_id": "3",
    "object_repr": "CMS",
    "action_flag": 1,
    "change_message": "[{\"added\": {}}]"
  }
},
{
  "model": "admin.logentry",
  "pk": 19,
  "fields": {
    "action_time": "2019-07-24T06:08:57.492Z",
    "user": 1,
    "content_type": 13,
    "object_id": "4",
    "object_repr": "APPS",
    "action_flag": 1,
    "change_message": "[{\"added\": {}}]"
  }
},
{
  "model": "admin.logentry",
  "pk": 20,
  "fields": {
    "action_time": "2019-07-24T06:09:11.677Z",
    "user": 1,
    "content_type": 13,
    "object_id": "5",
    "object_repr": "Cloud",
    "action_flag": 1,
    "change_message": "[{\"added\": {}}]"
  }
},
{
  "model": "admin.logentry",
  "pk": 21,
  "fields": {
    "action_time": "2019-07-24T06:19:49.558Z",
    "user": 1,
    "content_type": 13,
    "object_id": "5",
    "object_repr": "Cloud",
    "action_flag": 2,
    "change_message": "[{\"changed\": {\"fields\": [\"icon\"]}}]"
  }
},
{
  "model": "admin.logentry",
  "pk": 22,
  "fields": {
    "action_time": "2019-07-24T06:20:07.321Z",
    "user": 1,
    "content_type": 13,
    "object_id": "4",
    "object_repr": "APPS",
    "action_flag": 2,
    "change_message": "[{\"changed\": {\"fields\": [\"icon\"]}}]"
  }
},
{
  "model": "admin.logentry",
  "pk": 23,
  "fields": {
    "action_time": "2019-07-24T06:20:20.816Z",
    "user": 1,
    "content_type": 13,
    "object_id": "3",
    "object_repr": "CMS",
    "action_flag": 2,
    "change_message": "[{\"changed\": {\"fields\": [\"icon\"]}}]"
  }
},
{
  "model": "admin.logentry",
  "pk": 24,
  "fields": {
    "action_time": "2019-07-24T06:20:34.204Z",
    "user": 1,
    "content_type": 13,
    "object_id": "2",
    "object_repr": "Back-end",
    "action_flag": 2,
    "change_message": "[{\"changed\": {\"fields\": [\"icon\"]}}]"
  }
},
{
  "model": "admin.logentry",
  "pk": 25,
  "fields": {
    "action_time": "2019-07-24T06:21:09.589Z",
    "user": 1,
    "content_type": 13,
    "object_id": "1",
    "object_repr": "Front-end",
    "action_flag": 2,
    "change_message": "[{\"changed\": {\"fields\": [\"description\", \"icon\"]}}]"
  }
},
{
  "model": "admin.logentry",
  "pk": 26,
  "fields": {
    "action_time": "2019-07-24T06:21:33.074Z",
    "user": 1,
    "content_type": 13,
    "object_id": "5",
    "object_repr": "Cloud",
    "action_flag": 2,
    "change_message": "[{\"changed\": {\"fields\": [\"description\"]}}]"
  }
},
{
  "model": "admin.logentry",
  "pk": 27,
  "fields": {
    "action_time": "2019-07-24T06:21:46.196Z",
    "user": 1,
    "content_type": 13,
    "object_id": "4",
    "object_repr": "APPS",
    "action_flag": 2,
    "change_message": "[{\"changed\": {\"fields\": [\"description\"]}}]"
  }
},
{
  "model": "admin.logentry",
  "pk": 28,
  "fields": {
    "action_time": "2019-07-24T06:22:02.501Z",
    "user": 1,
    "content_type": 13,
    "object_id": "3",
    "object_repr": "CMS",
    "action_flag": 2,
    "change_message": "[{\"changed\": {\"fields\": [\"description\"]}}]"
  }
},
{
  "model": "admin.logentry",
  "pk": 29,
  "fields": {
    "action_time": "2019-07-24T06:22:15.616Z",
    "user": 1,
    "content_type": 13,
    "object_id": "2",
    "object_repr": "Back-end",
    "action_flag": 2,
    "change_message": "[{\"changed\": {\"fields\": [\"description\"]}}]"
  }
},
{
  "model": "admin.logentry",
  "pk": 30,
  "fields": {
    "action_time": "2019-07-24T11:34:51.847Z",
    "user": 1,
    "content_type": 13,
    "object_id": "6",
    "object_repr": "Growth",
    "action_flag": 1,
    "change_message": "[{\"added\": {}}]"
  }
},
{
  "model": "admin.logentry",
  "pk": 31,
  "fields": {
    "action_time": "2019-07-24T11:37:09.020Z",
    "user": 1,
    "content_type": 13,
    "object_id": "6",
    "object_repr": "Growth",
    "action_flag": 2,
    "change_message": "[{\"changed\": {\"fields\": [\"icon\"]}}]"
  }
},
{
  "model": "admin.logentry",
  "pk": 32,
  "fields": {
    "action_time": "2019-07-24T11:43:33.374Z",
    "user": 1,
    "content_type": 13,
    "object_id": "5",
    "object_repr": "Cloud",
    "action_flag": 2,
    "change_message": "[{\"changed\": {\"fields\": [\"icon\"]}}]"
  }
},
{
  "model": "admin.logentry",
  "pk": 33,
  "fields": {
    "action_time": "2019-07-24T11:44:13.583Z",
    "user": 1,
    "content_type": 13,
    "object_id": "5",
    "object_repr": "Cloud",
    "action_flag": 2,
    "change_message": "[{\"changed\": {\"fields\": [\"icon\"]}}]"
  }
},
{
  "model": "admin.logentry",
  "pk": 34,
  "fields": {
    "action_time": "2019-07-24T11:45:01.635Z",
    "user": 1,
    "content_type": 13,
    "object_id": "3",
    "object_repr": "CMS",
    "action_flag": 2,
    "change_message": "[{\"changed\": {\"fields\": [\"icon\"]}}]"
  }
},
{
  "model": "admin.logentry",
  "pk": 35,
  "fields": {
    "action_time": "2019-07-24T11:46:06.550Z",
    "user": 1,
    "content_type": 13,
    "object_id": "4",
    "object_repr": "APPS",
    "action_flag": 2,
    "change_message": "[{\"changed\": {\"fields\": [\"icon\"]}}]"
  }
},
{
  "model": "admin.logentry",
  "pk": 36,
  "fields": {
    "action_time": "2019-07-24T11:47:12.777Z",
    "user": 1,
    "content_type": 13,
    "object_id": "1",
    "object_repr": "Front-end",
    "action_flag": 2,
    "change_message": "[{\"changed\": {\"fields\": [\"icon\"]}}]"
  }
},
{
  "model": "admin.logentry",
  "pk": 37,
  "fields": {
    "action_time": "2019-07-24T11:47:34.106Z",
    "user": 1,
    "content_type": 13,
    "object_id": "2",
    "object_repr": "Back-end",
    "action_flag": 2,
    "change_message": "[{\"changed\": {\"fields\": [\"icon\"]}}]"
  }
},
{
  "model": "admin.logentry",
  "pk": 38,
  "fields": {
    "action_time": "2019-07-24T12:46:27.676Z",
    "user": 1,
    "content_type": 14,
    "object_id": "1",
    "object_repr": "Pia",
    "action_flag": 1,
    "change_message": "[{\"added\": {}}]"
  }
},
{
  "model": "admin.logentry",
  "pk": 39,
  "fields": {
    "action_time": "2019-07-24T12:53:31.856Z",
    "user": 1,
    "content_type": 14,
    "object_id": "2",
    "object_repr": "Pia Kircher",
    "action_flag": 1,
    "change_message": "[{\"added\": {}}]"
  }
},
{
  "model": "admin.logentry",
  "pk": 40,
  "fields": {
    "action_time": "2019-07-25T00:35:11.660Z",
    "user": 1,
    "content_type": 15,
    "object_id": "1",
    "object_repr": "Hla-Media",
    "action_flag": 1,
    "change_message": "[{\"added\": {}}]"
  }
},
{
  "model": "admin.logentry",
  "pk": 41,
  "fields": {
    "action_time": "2019-07-25T00:39:40.321Z",
    "user": 1,
    "content_type": 15,
    "object_id": "2",
    "object_repr": "Spectrum",
    "action_flag": 1,
    "change_message": "[{\"added\": {}}]"
  }
},
{
  "model": "admin.logentry",
  "pk": 42,
  "fields": {
    "action_time": "2019-07-25T00:40:34.463Z",
    "user": 1,
    "content_type": 15,
    "object_id": "3",
    "object_repr": "Ticket4Cheap",
    "action_flag": 1,
    "change_message": "[{\"added\": {}}]"
  }
},
{
  "model": "admin.logentry",
  "pk": 43,
  "fields": {
    "action_time": "2019-07-25T01:13:21.809Z",
    "user": 1,
    "content_type": 17,
    "object_id": "1",
    "object_repr": "IBSS(International Business School Of Scandinevia",
    "action_flag": 1,
    "change_message": "[{\"added\": {}}]"
  }
},
{
  "model": "admin.logentry",
  "pk": 44,
  "fields": {
    "action_time": "2019-07-25T01:14:24.605Z",
    "user": 1,
    "content_type": 17,
    "object_id": "2",
    "object_repr": "NewCairo Academy",
    "action_flag": 1,
    "change_message": "[{\"added\": {}}]"
  }
},
{
  "model": "admin.logentry",
  "pk": 45,
  "fields": {
    "action_time": "2019-07-25T01:15:45.801Z",
    "user": 1,
    "content_type": 17,
    "object_id": "1",
    "object_repr": "IBSS(International Business School Of Scandinevia",
    "action_flag": 2,
    "change_message": "[{\"changed\": {\"fields\": [\"subject\"]}}]"
  }
},
{
  "model": "admin.logentry",
  "pk": 46,
  "fields": {
    "action_time": "2019-07-25T01:16:26.785Z",
    "user": 1,
    "content_type": 17,
    "object_id": "1",
    "object_repr": "IBSS(International Business School of Scandinavia)",
    "action_flag": 2,
    "change_message": "[{\"changed\": {\"fields\": [\"university\"]}}]"
  }
},
{
  "model": "admin.logentry",
  "pk": 47,
  "fields": {
    "action_time": "2019-07-25T01:18:21.218Z",
    "user": 1,
    "content_type": 18,
    "object_id": "1",
    "object_repr": "MSPR",
    "action_flag": 1,
    "change_message": "[{\"added\": {}}]"
  }
},
{
  "model": "admin.logentry",
  "pk": 48,
  "fields": {
    "action_time": "2019-07-25T01:29:09.190Z",
    "user": 1,
    "content_type": 16,
    "object_id": "1",
    "object_repr": "Python",
    "action_flag": 1,
    "change_message": "[{\"added\": {}}]"
  }
},
{
  "model": "admin.logentry",
  "pk": 49,
  "fields": {
    "action_time": "2019-07-25T01:29:38.549Z",
    "user": 1,
    "content_type": 16,
    "object_id": "2",
    "object_repr": "Java",
    "action_flag": 1,
    "change_message": "[{\"added\": {}}]"
  }
},
{
  "model": "admin.logentry",
  "pk": 50,
  "fields": {
    "action_time": "2019-07-25T01:38:19.741Z",
    "user": 1,
    "content_type": 19,
    "object_id": "1",
    "object_repr": "Git",
    "action_flag": 1,
    "change_message": "[{\"added\": {}}]"
  }
},
{
  "model": "admin.logentry",
  "pk": 51,
  "fields": {
    "action_time": "2019-07-25T01:38:46.377Z",
    "user": 1,
    "content_type": 19,
    "object_id": "2",
    "object_repr": "AWS",
    "action_flag": 1,
    "change_message": "[{\"added\": {}}]"
  }
},
{
  "model": "admin.logentry",
  "pk": 52,
  "fields": {
    "action_time": "2019-07-25T01:39:10.326Z",
    "user": 1,
    "content_type": 19,
    "object_id": "3",
    "object_repr": "Docker",
    "action_flag": 1,
    "change_message": "[{\"added\": {}}]"
  }
},
{
  "model": "admin.logentry",
  "pk": 53,
  "fields": {
    "action_time": "2019-07-25T01:40:00.065Z",
    "user": 1,
    "content_type": 16,
    "object_id": "3",
    "object_repr": "Django",
    "action_flag": 1,
    "change_message": "[{\"added\": {}}]"
  }
},
{
  "model": "admin.logentry",
  "pk": 54,
  "fields": {
    "action_time": "2019-08-11T16:27:34.463Z",
    "user": 1,
    "content_type": 21,
    "object_id": "1",
    "object_repr": "Python",
    "action_flag": 1,
    "change_message": "[{\"added\": {}}]"
  }
},
{
  "model": "admin.logentry",
  "pk": 55,
  "fields": {
    "action_time": "2019-08-11T16:27:38.935Z",
    "user": 1,
    "content_type": 21,
    "object_id": "2",
    "object_repr": "Java",
    "action_flag": 1,
    "change_message": "[{\"added\": {}}]"
  }
},
{
  "model": "admin.logentry",
  "pk": 56,
  "fields": {
    "action_time": "2019-08-11T16:27:51.411Z",
    "user": 1,
    "content_type": 21,
    "object_id": "3",
    "object_repr": "Wordpress",
    "action_flag": 1,
    "change_message": "[{\"added\": {}}]"
  }
},
{
  "model": "admin.logentry",
  "pk": 57,
  "fields": {
    "action_time": "2019-08-11T16:27:55.165Z",
    "user": 1,
    "content_type": 21,
    "object_id": "4",
    "object_repr": "Django",
    "action_flag": 1,
    "change_message": "[{\"added\": {}}]"
  }
},
{
  "model": "admin.logentry",
  "pk": 58,
  "fields": {
    "action_time": "2019-08-11T16:32:11.822Z",
    "user": 1,
    "content_type": 20,
    "object_id": "1",
    "object_repr": "Hla-Media",
    "action_flag": 1,
    "change_message": "[{\"added\": {}}]"
  }
},
{
  "model": "admin.logentry",
  "pk": 59,
  "fields": {
    "action_time": "2019-08-11T16:33:44.032Z",
    "user": 1,
    "content_type": 20,
    "object_id": "2",
    "object_repr": "Mo Salam (Personal Website)",
    "action_flag": 1,
    "change_message": "[{\"added\": {}}]"
  }
},
{
  "model": "admin.logentry",
  "pk": 60,
  "fields": {
    "action_time": "2019-08-11T17:07:03.120Z",
    "user": 1,
    "content_type": 20,
    "object_id": "2",
    "object_repr": "Mo Salam (Personal Website)",
    "action_flag": 2,
    "change_message": "[{\"changed\": {\"fields\": [\"website\"]}}]"
  }
},
{
  "model": "admin.logentry",
  "pk": 61,
  "fields": {
    "action_time": "2019-08-11T17:07:17.705Z",
    "user": 1,
    "content_type": 20,
    "object_id": "2",
    "object_repr": "Mo Salam (Personal Website)",
    "action_flag": 2,
    "change_message": "[{\"changed\": {\"fields\": [\"website\"]}}]"
  }
},
{
  "model": "admin.logentry",
  "pk": 62,
  "fields": {
    "action_time": "2019-08-11T17:07:23.190Z",
    "user": 1,
    "content_type": 20,
    "object_id": "1",
    "object_repr": "Hla-Media",
    "action_flag": 2,
    "change_message": "[{\"changed\": {\"fields\": [\"website\"]}}]"
  }
},
{
  "model": "admin.logentry",
  "pk": 63,
  "fields": {
    "action_time": "2019-08-12T04:17:46.149Z",
    "user": 1,
    "content_type": 21,
    "object_id": "1",
    "object_repr": "category_python",
    "action_flag": 2,
    "change_message": "[{\"changed\": {\"fields\": [\"name\"]}}]"
  }
},
{
  "model": "admin.logentry",
  "pk": 64,
  "fields": {
    "action_time": "2019-08-12T04:18:00.432Z",
    "user": 1,
    "content_type": 21,
    "object_id": "2",
    "object_repr": "category_java",
    "action_flag": 2,
    "change_message": "[{\"changed\": {\"fields\": [\"name\"]}}]"
  }
},
{
  "model": "admin.logentry",
  "pk": 65,
  "fields": {
    "action_time": "2019-08-12T04:18:09.445Z",
    "user": 1,
    "content_type": 21,
    "object_id": "3",
    "object_repr": "category_wordpress",
    "action_flag": 2,
    "change_message": "[{\"changed\": {\"fields\": [\"name\"]}}]"
  }
},
{
  "model": "admin.logentry",
  "pk": 66,
  "fields": {
    "action_time": "2019-08-12T04:18:29.265Z",
    "user": 1,
    "content_type": 21,
    "object_id": "4",
    "object_repr": "category_django",
    "action_flag": 2,
    "change_message": "[{\"changed\": {\"fields\": [\"name\"]}}]"
  }
},
{
  "model": "admin.logentry",
  "pk": 67,
  "fields": {
    "action_time": "2019-08-12T04:28:42.809Z",
    "user": 1,
    "content_type": 22,
    "object_id": "1",
    "object_repr": "Python",
    "action_flag": 1,
    "change_message": "[{\"added\": {}}]"
  }
},
{
  "model": "admin.logentry",
  "pk": 68,
  "fields": {
    "action_time": "2019-08-12T04:28:48.685Z",
    "user": 1,
    "content_type": 22,
    "object_id": "2",
    "object_repr": "Django",
    "action_flag": 1,
    "change_message": "[{\"added\": {}}]"
  }
},
{
  "model": "admin.logentry",
  "pk": 69,
  "fields": {
    "action_time": "2019-08-12T04:28:52.770Z",
    "user": 1,
    "content_type": 22,
    "object_id": "3",
    "object_repr": "Java",
    "action_flag": 1,
    "change_message": "[{\"added\": {}}]"
  }
},
{
  "model": "admin.logentry",
  "pk": 70,
  "fields": {
    "action_time": "2019-08-12T04:29:01.808Z",
    "user": 1,
    "content_type": 22,
    "object_id": "4",
    "object_repr": "Business",
    "action_flag": 1,
    "change_message": "[{\"added\": {}}]"
  }
},
{
  "model": "admin.logentry",
  "pk": 71,
  "fields": {
    "action_time": "2019-08-12T04:29:07.473Z",
    "user": 1,
    "content_type": 22,
    "object_id": "5",
    "object_repr": "Wordpress",
    "action_flag": 1,
    "change_message": "[{\"added\": {}}]"
  }
},
{
  "model": "admin.logentry",
  "pk": 72,
  "fields": {
    "action_time": "2019-08-12T04:29:23.515Z",
    "user": 1,
    "content_type": 20,
    "object_id": "1",
    "object_repr": "Hla-Media",
    "action_flag": 2,
    "change_message": "[{\"changed\": {\"fields\": [\"category\"]}}]"
  }
},
{
  "model": "admin.logentry",
  "pk": 73,
  "fields": {
    "action_time": "2019-08-12T04:29:29.876Z",
    "user": 1,
    "content_type": 20,
    "object_id": "2",
    "object_repr": "Mo Salam (Personal Website)",
    "action_flag": 2,
    "change_message": "[{\"changed\": {\"fields\": [\"category\"]}}]"
  }
},
{
  "model": "admin.logentry",
  "pk": 74,
  "fields": {
    "action_time": "2019-08-12T04:44:30.759Z",
    "user": 1,
    "content_type": 20,
    "object_id": "2",
    "object_repr": "Mo Salam (Personal Website)",
    "action_flag": 2,
    "change_message": "[{\"changed\": {\"fields\": [\"technology\"]}}]"
  }
},
{
  "model": "admin.logentry",
  "pk": 75,
  "fields": {
    "action_time": "2019-08-12T04:47:43.185Z",
    "user": 1,
    "content_type": 20,
    "object_id": "2",
    "object_repr": "Mo Salam (Personal Website)",
    "action_flag": 2,
    "change_message": "[{\"changed\": {\"fields\": [\"image\"]}}]"
  }
},
{
  "model": "admin.logentry",
  "pk": 76,
  "fields": {
    "action_time": "2019-08-12T04:47:53.959Z",
    "user": 1,
    "content_type": 20,
    "object_id": "1",
    "object_repr": "Hla-Media",
    "action_flag": 2,
    "change_message": "[{\"changed\": {\"fields\": [\"image\"]}}]"
  }
},
{
  "model": "admin.logentry",
  "pk": 77,
  "fields": {
    "action_time": "2019-08-12T04:48:42.007Z",
    "user": 1,
    "content_type": 20,
    "object_id": "3",
    "object_repr": "1UNi",
    "action_flag": 1,
    "change_message": "[{\"added\": {}}]"
  }
},
{
  "model": "admin.logentry",
  "pk": 78,
  "fields": {
    "action_time": "2019-08-12T04:49:08.730Z",
    "user": 1,
    "content_type": 20,
    "object_id": "3",
    "object_repr": "1UNi",
    "action_flag": 2,
    "change_message": "[{\"changed\": {\"fields\": [\"category\"]}}]"
  }
},
{
  "model": "admin.logentry",
  "pk": 79,
  "fields": {
    "action_time": "2019-08-12T04:50:42.999Z",
    "user": 1,
    "content_type": 20,
    "object_id": "3",
    "object_repr": "1UNi",
    "action_flag": 2,
    "change_message": "[{\"changed\": {\"fields\": [\"image\"]}}]"
  }
},
{
  "model": "admin.logentry",
  "pk": 80,
  "fields": {
    "action_time": "2019-08-12T05:23:56.149Z",
    "user": 1,
    "content_type": 22,
    "object_id": "6",
    "object_repr": "MongoDb",
    "action_flag": 1,
    "change_message": "[{\"added\": {}}]"
  }
},
{
  "model": "admin.logentry",
  "pk": 81,
  "fields": {
    "action_time": "2019-08-12T05:24:14.754Z",
    "user": 1,
    "content_type": 22,
    "object_id": "7",
    "object_repr": "Node.js",
    "action_flag": 1,
    "change_message": "[{\"added\": {}}]"
  }
},
{
  "model": "admin.logentry",
  "pk": 82,
  "fields": {
    "action_time": "2019-08-12T05:24:26.647Z",
    "user": 1,
    "content_type": 22,
    "object_id": "8",
    "object_repr": "Angular",
    "action_flag": 1,
    "change_message": "[{\"added\": {}}]"
  }
},
{
  "model": "admin.logentry",
  "pk": 83,
  "fields": {
    "action_time": "2019-08-12T05:24:41.735Z",
    "user": 1,
    "content_type": 20,
    "object_id": "3",
    "object_repr": "1UNi",
    "action_flag": 2,
    "change_message": "[{\"changed\": {\"fields\": [\"category\"]}}]"
  }
},
{
  "model": "admin.logentry",
  "pk": 84,
  "fields": {
    "action_time": "2019-08-12T05:25:00.469Z",
    "user": 1,
    "content_type": 22,
    "object_id": "9",
    "object_repr": "Bootstrap4",
    "action_flag": 1,
    "change_message": "[{\"added\": {}}]"
  }
},
{
  "model": "admin.logentry",
  "pk": 85,
  "fields": {
    "action_time": "2019-08-12T05:25:22.371Z",
    "user": 1,
    "content_type": 22,
    "object_id": "10",
    "object_repr": "PostgreSQL",
    "action_flag": 1,
    "change_message": "[{\"added\": {}}]"
  }
},
{
  "model": "admin.logentry",
  "pk": 86,
  "fields": {
    "action_time": "2019-08-12T05:25:24.252Z",
    "user": 1,
    "content_type": 20,
    "object_id": "2",
    "object_repr": "Mo Salam (Personal Website)",
    "action_flag": 2,
    "change_message": "[{\"changed\": {\"fields\": [\"category\"]}}]"
  }
},
{
  "model": "admin.logentry",
  "pk": 87,
  "fields": {
    "action_time": "2019-08-12T05:28:02.663Z",
    "user": 1,
    "content_type": 20,
    "object_id": "3",
    "object_repr": "1UNi",
    "action_flag": 2,
    "change_message": "[{\"changed\": {\"fields\": [\"video\"]}}]"
  }
},
{
  "model": "admin.logentry",
  "pk": 88,
  "fields": {
    "action_time": "2019-08-12T05:29:15.800Z",
    "user": 1,
    "content_type": 20,
    "object_id": "3",
    "object_repr": "1UNi",
    "action_flag": 2,
    "change_message": "[{\"changed\": {\"fields\": [\"video\"]}}]"
  }
},
{
  "model": "admin.logentry",
  "pk": 89,
  "fields": {
    "action_time": "2019-08-12T05:31:31.050Z",
    "user": 1,
    "content_type": 20,
    "object_id": "3",
    "object_repr": "1UNi",
    "action_flag": 2,
    "change_message": "[{\"changed\": {\"fields\": [\"video\"]}}]"
  }
},
{
  "model": "admin.logentry",
  "pk": 90,
  "fields": {
    "action_time": "2019-08-12T05:32:22.361Z",
    "user": 1,
    "content_type": 20,
    "object_id": "3",
    "object_repr": "1UNi",
    "action_flag": 2,
    "change_message": "[{\"changed\": {\"fields\": [\"video\"]}}]"
  }
},
{
  "model": "admin.logentry",
  "pk": 91,
  "fields": {
    "action_time": "2019-08-12T05:34:23.746Z",
    "user": 1,
    "content_type": 20,
    "object_id": "3",
    "object_repr": "1UNi",
    "action_flag": 2,
    "change_message": "[{\"changed\": {\"fields\": [\"video\"]}}]"
  }
},
{
  "model": "admin.logentry",
  "pk": 92,
  "fields": {
    "action_time": "2019-08-12T05:44:28.025Z",
    "user": 1,
    "content_type": 20,
    "object_id": "3",
    "object_repr": "1UNi",
    "action_flag": 2,
    "change_message": "[{\"changed\": {\"fields\": [\"video\"]}}]"
  }
},
{
  "model": "admin.logentry",
  "pk": 93,
  "fields": {
    "action_time": "2019-08-15T13:47:42.702Z",
    "user": 1,
    "content_type": 20,
    "object_id": "3",
    "object_repr": "1UNi",
    "action_flag": 2,
    "change_message": "[]"
  }
},
{
  "model": "admin.logentry",
  "pk": 94,
  "fields": {
    "action_time": "2019-08-15T13:47:47.489Z",
    "user": 1,
    "content_type": 20,
    "object_id": "2",
    "object_repr": "Mo Salam (Personal Website)",
    "action_flag": 2,
    "change_message": "[]"
  }
},
{
  "model": "admin.logentry",
  "pk": 95,
  "fields": {
    "action_time": "2019-08-15T13:47:50.708Z",
    "user": 1,
    "content_type": 20,
    "object_id": "1",
    "object_repr": "Hla-Media",
    "action_flag": 2,
    "change_message": "[]"
  }
},
{
  "model": "admin.logentry",
  "pk": 96,
  "fields": {
    "action_time": "2019-09-08T06:18:42.586Z",
    "user": 1,
    "content_type": 11,
    "object_id": "1",
    "object_repr": "Mo Salam",
    "action_flag": 2,
    "change_message": "[{\"changed\": {\"fields\": [\"bio_body\"]}}]"
  }
},
{
  "model": "admin.logentry",
  "pk": 97,
  "fields": {
    "action_time": "2019-09-08T06:30:46.825Z",
    "user": 1,
    "content_type": 13,
    "object_id": "2",
    "object_repr": "Back-end",
    "action_flag": 2,
    "change_message": "[]"
  }
},
{
  "model": "admin.logentry",
  "pk": 98,
  "fields": {
    "action_time": "2019-09-08T06:38:08.752Z",
    "user": 1,
    "content_type": 13,
    "object_id": "2",
    "object_repr": "Back-end",
    "action_flag": 2,
    "change_message": "[{\"changed\": {\"fields\": [\"icon\"]}}]"
  }
},
{
  "model": "admin.logentry",
  "pk": 99,
  "fields": {
    "action_time": "2019-09-08T06:48:59.743Z",
    "user": 1,
    "content_type": 13,
    "object_id": "2",
    "object_repr": "Back-end",
    "action_flag": 2,
    "change_message": "[]"
  }
},
{
  "model": "admin.logentry",
  "pk": 100,
  "fields": {
    "action_time": "2019-09-08T06:49:11.613Z",
    "user": 1,
    "content_type": 13,
    "object_id": "6",
    "object_repr": "Growth",
    "action_flag": 2,
    "change_message": "[{\"changed\": {\"fields\": [\"icon\"]}}]"
  }
},
{
  "model": "admin.logentry",
  "pk": 101,
  "fields": {
    "action_time": "2019-09-08T06:49:29.787Z",
    "user": 1,
    "content_type": 13,
    "object_id": "5",
    "object_repr": "Cloud",
    "action_flag": 2,
    "change_message": "[{\"changed\": {\"fields\": [\"icon\"]}}]"
  }
},
{
  "model": "admin.logentry",
  "pk": 102,
  "fields": {
    "action_time": "2019-09-08T06:50:04.972Z",
    "user": 1,
    "content_type": 13,
    "object_id": "5",
    "object_repr": "Cloud",
    "action_flag": 2,
    "change_message": "[{\"changed\": {\"fields\": [\"icon\"]}}]"
  }
},
{
  "model": "admin.logentry",
  "pk": 103,
  "fields": {
    "action_time": "2019-09-08T07:13:46.570Z",
    "user": 1,
    "content_type": 20,
    "object_id": "3",
    "object_repr": "1UNi",
    "action_flag": 2,
    "change_message": "[{\"changed\": {\"fields\": [\"featured\"]}}]"
  }
},
{
  "model": "admin.logentry",
  "pk": 104,
  "fields": {
    "action_time": "2019-09-08T07:13:54.149Z",
    "user": 1,
    "content_type": 20,
    "object_id": "2",
    "object_repr": "Mo Salam (Personal Website)",
    "action_flag": 2,
    "change_message": "[{\"changed\": {\"fields\": [\"featured\"]}}]"
  }
},
{
  "model": "admin.logentry",
  "pk": 105,
  "fields": {
    "action_time": "2019-09-08T10:34:19.715Z",
    "user": 1,
    "content_type": 20,
    "object_id": "3",
    "object_repr": "1UNi",
    "action_flag": 2,
    "change_message": "[{\"changed\": {\"fields\": [\"ajax_id\"]}}]"
  }
},
{
  "model": "admin.logentry",
  "pk": 106,
  "fields": {
    "action_time": "2019-09-08T10:34:29.434Z",
    "user": 1,
    "content_type": 20,
    "object_id": "2",
    "object_repr": "Mo Salam (Personal Website)",
    "action_flag": 2,
    "change_message": "[{\"changed\": {\"fields\": [\"ajax_id\"]}}]"
  }
},
{
  "model": "admin.logentry",
  "pk": 107,
  "fields": {
    "action_time": "2019-09-08T10:34:39.693Z",
    "user": 1,
    "content_type": 20,
    "object_id": "1",
    "object_repr": "Hla-Media",
    "action_flag": 2,
    "change_message": "[{\"changed\": {\"fields\": [\"ajax_id\"]}}]"
  }
},
{
  "model": "admin.logentry",
  "pk": 108,
  "fields": {
    "action_time": "2019-09-08T12:14:15.470Z",
    "user": 1,
    "content_type": 20,
    "object_id": "3",
    "object_repr": "1UNi",
    "action_flag": 2,
    "change_message": "[{\"changed\": {\"fields\": [\"image\"]}}]"
  }
},
{
  "model": "admin.logentry",
  "pk": 109,
  "fields": {
    "action_time": "2019-09-08T12:14:31.339Z",
    "user": 1,
    "content_type": 20,
    "object_id": "3",
    "object_repr": "1UNi",
    "action_flag": 2,
    "change_message": "[{\"changed\": {\"fields\": [\"image\"]}}]"
  }
},
{
  "model": "admin.logentry",
  "pk": 110,
  "fields": {
    "action_time": "2019-09-08T12:20:17.502Z",
    "user": 1,
    "content_type": 11,
    "object_id": "1",
    "object_repr": "Mo Salam",
    "action_flag": 2,
    "change_message": "[{\"changed\": {\"fields\": [\"bio_body\"]}}]"
  }
},
{
  "model": "admin.logentry",
  "pk": 111,
  "fields": {
    "action_time": "2019-09-08T12:28:02.341Z",
    "user": 1,
    "content_type": 23,
    "object_id": "1",
    "object_repr": "/media/Projects/oneuniweb_8ZkFTmx.png",
    "action_flag": 1,
    "change_message": "[{\"added\": {}}]"
  }
},
{
  "model": "admin.logentry",
  "pk": 112,
  "fields": {
    "action_time": "2019-09-08T12:28:13.638Z",
    "user": 1,
    "content_type": 23,
    "object_id": "2",
    "object_repr": "/media/Projects/AI__Applications_suggestions.png",
    "action_flag": 1,
    "change_message": "[{\"added\": {}}]"
  }
},
{
  "model": "admin.logentry",
  "pk": 113,
  "fields": {
    "action_time": "2019-09-08T12:28:20.644Z",
    "user": 1,
    "content_type": 20,
    "object_id": "3",
    "object_repr": "1UNi",
    "action_flag": 2,
    "change_message": "[{\"changed\": {\"fields\": [\"image\"]}}]"
  }
},
{
  "model": "admin.logentry",
  "pk": 114,
  "fields": {
    "action_time": "2019-09-08T12:34:39.734Z",
    "user": 1,
    "content_type": 20,
    "object_id": "3",
    "object_repr": "1UNi",
    "action_flag": 2,
    "change_message": "[{\"changed\": {\"fields\": [\"thumbnail\"]}}]"
  }
},
{
  "model": "admin.logentry",
  "pk": 115,
  "fields": {
    "action_time": "2019-09-08T12:34:47.672Z",
    "user": 1,
    "content_type": 20,
    "object_id": "2",
    "object_repr": "Mo Salam (Personal Website)",
    "action_flag": 2,
    "change_message": "[{\"changed\": {\"fields\": [\"thumbnail\"]}}]"
  }
},
{
  "model": "admin.logentry",
  "pk": 116,
  "fields": {
    "action_time": "2019-09-08T12:34:55.928Z",
    "user": 1,
    "content_type": 20,
    "object_id": "1",
    "object_repr": "Hla-Media",
    "action_flag": 2,
    "change_message": "[{\"changed\": {\"fields\": [\"thumbnail\"]}}]"
  }
},
{
  "model": "admin.logentry",
  "pk": 117,
  "fields": {
    "action_time": "2019-09-08T12:37:40.821Z",
    "user": 1,
    "content_type": 21,
    "object_id": "4",
    "object_repr": "Django",
    "action_flag": 2,
    "change_message": "[{\"changed\": {\"fields\": [\"name\"]}}]"
  }
},
{
  "model": "admin.logentry",
  "pk": 118,
  "fields": {
    "action_time": "2019-09-08T12:37:47.361Z",
    "user": 1,
    "content_type": 21,
    "object_id": "3",
    "object_repr": "Wordpress",
    "action_flag": 2,
    "change_message": "[{\"changed\": {\"fields\": [\"name\"]}}]"
  }
},
{
  "model": "admin.logentry",
  "pk": 119,
  "fields": {
    "action_time": "2019-09-08T12:37:52.996Z",
    "user": 1,
    "content_type": 21,
    "object_id": "2",
    "object_repr": "Java",
    "action_flag": 2,
    "change_message": "[{\"changed\": {\"fields\": [\"name\"]}}]"
  }
},
{
  "model": "admin.logentry",
  "pk": 120,
  "fields": {
    "action_time": "2019-09-08T12:37:59.872Z",
    "user": 1,
    "content_type": 21,
    "object_id": "1",
    "object_repr": "Python",
    "action_flag": 2,
    "change_message": "[{\"changed\": {\"fields\": [\"name\"]}}]"
  }
},
{
  "model": "admin.logentry",
  "pk": 121,
  "fields": {
    "action_time": "2019-09-08T12:47:30.489Z",
    "user": 1,
    "content_type": 20,
    "object_id": "2",
    "object_repr": "Mo Salam (Personal Website)",
    "action_flag": 2,
    "change_message": "[{\"changed\": {\"fields\": [\"technology\"]}}]"
  }
},
{
  "model": "admin.logentry",
  "pk": 122,
  "fields": {
    "action_time": "2019-09-08T13:11:39.636Z",
    "user": 1,
    "content_type": 13,
    "object_id": "6",
    "object_repr": "Growth",
    "action_flag": 2,
    "change_message": "[{\"changed\": {\"fields\": [\"icon\"]}}]"
  }
},
{
  "model": "admin.logentry",
  "pk": 123,
  "fields": {
    "action_time": "2019-09-08T13:11:46.503Z",
    "user": 1,
    "content_type": 13,
    "object_id": "5",
    "object_repr": "Cloud",
    "action_flag": 3,
    "change_message": ""
  }
},
{
  "model": "admin.logentry",
  "pk": 124,
  "fields": {
    "action_time": "2019-09-08T13:11:51.418Z",
    "user": 1,
    "content_type": 13,
    "object_id": "4",
    "object_repr": "APPS",
    "action_flag": 3,
    "change_message": ""
  }
},
{
  "model": "admin.logentry",
  "pk": 125,
  "fields": {
    "action_time": "2019-09-08T13:11:57.625Z",
    "user": 1,
    "content_type": 13,
    "object_id": "3",
    "object_repr": "CMS",
    "action_flag": 3,
    "change_message": ""
  }
},
{
  "model": "admin.logentry",
  "pk": 126,
  "fields": {
    "action_time": "2019-09-08T13:13:16.340Z",
    "user": 1,
    "content_type": 13,
    "object_id": "2",
    "object_repr": "Web Development",
    "action_flag": 2,
    "change_message": "[{\"changed\": {\"fields\": [\"title\", \"description\", \"icon\"]}}]"
  }
},
{
  "model": "admin.logentry",
  "pk": 127,
  "fields": {
    "action_time": "2019-09-08T13:14:47.435Z",
    "user": 1,
    "content_type": 13,
    "object_id": "1",
    "object_repr": "App Development",
    "action_flag": 2,
    "change_message": "[{\"changed\": {\"fields\": [\"title\", \"description\", \"icon\"]}}]"
  }
},
{
  "model": "admin.logentry",
  "pk": 128,
  "fields": {
    "action_time": "2019-09-08T13:16:22.083Z",
    "user": 1,
    "content_type": 13,
    "object_id": "1",
    "object_repr": "AI / Machine Learning",
    "action_flag": 2,
    "change_message": "[{\"changed\": {\"fields\": [\"title\", \"description\"]}}]"
  }
},
{
  "model": "admin.logentry",
  "pk": 129,
  "fields": {
    "action_time": "2019-09-08T13:17:14.670Z",
    "user": 1,
    "content_type": 13,
    "object_id": "2",
    "object_repr": "Web Development",
    "action_flag": 2,
    "change_message": "[{\"changed\": {\"fields\": [\"description\"]}}]"
  }
},
{
  "model": "admin.logentry",
  "pk": 130,
  "fields": {
    "action_time": "2019-09-08T13:25:49.905Z",
    "user": 1,
    "content_type": 16,
    "object_id": "4",
    "object_repr": "React",
    "action_flag": 1,
    "change_message": "[{\"added\": {}}]"
  }
},
{
  "model": "admin.logentry",
  "pk": 131,
  "fields": {
    "action_time": "2019-09-08T17:39:34.735Z",
    "user": 1,
    "content_type": 19,
    "object_id": "3",
    "object_repr": "Docker",
    "action_flag": 2,
    "change_message": "[{\"changed\": {\"fields\": [\"level\"]}}]"
  }
},
{
  "model": "admin.logentry",
  "pk": 132,
  "fields": {
    "action_time": "2019-09-08T17:39:57.433Z",
    "user": 1,
    "content_type": 19,
    "object_id": "2",
    "object_repr": "AWS",
    "action_flag": 2,
    "change_message": "[{\"changed\": {\"fields\": [\"level\"]}}]"
  }
},
{
  "model": "admin.logentry",
  "pk": 133,
  "fields": {
    "action_time": "2019-09-08T17:40:03.255Z",
    "user": 1,
    "content_type": 19,
    "object_id": "1",
    "object_repr": "Git",
    "action_flag": 2,
    "change_message": "[{\"changed\": {\"fields\": [\"level\"]}}]"
  }
},
{
  "model": "admin.logentry",
  "pk": 134,
  "fields": {
    "action_time": "2019-09-08T17:59:59.807Z",
    "user": 1,
    "content_type": 21,
    "object_id": "5",
    "object_repr": "C",
    "action_flag": 1,
    "change_message": "[{\"added\": {}}]"
  }
},
{
  "model": "admin.logentry",
  "pk": 135,
  "fields": {
    "action_time": "2019-09-08T18:01:15.993Z",
    "user": 1,
    "content_type": 20,
    "object_id": "4",
    "object_repr": "test C",
    "action_flag": 1,
    "change_message": "[{\"added\": {}}]"
  }
},
{
  "model": "admin.logentry",
  "pk": 136,
  "fields": {
    "action_time": "2019-09-08T18:01:43.690Z",
    "user": 1,
    "content_type": 20,
    "object_id": "4",
    "object_repr": "test C",
    "action_flag": 3,
    "change_message": ""
  }
},
{
  "model": "admin.logentry",
  "pk": 137,
  "fields": {
    "action_time": "2019-09-08T18:01:54.253Z",
    "user": 1,
    "content_type": 21,
    "object_id": "5",
    "object_repr": "C",
    "action_flag": 3,
    "change_message": ""
  }
},
{
  "model": "admin.logentry",
  "pk": 138,
  "fields": {
    "action_time": "2019-09-08T18:28:40.412Z",
    "user": 1,
    "content_type": 8,
    "object_id": "4",
    "object_repr": "AI test post",
    "action_flag": 2,
    "change_message": "[{\"changed\": {\"fields\": [\"creator\"]}}]"
  }
},
{
  "model": "admin.logentry",
  "pk": 139,
  "fields": {
    "action_time": "2019-09-08T18:28:58.409Z",
    "user": 1,
    "content_type": 8,
    "object_id": "2",
    "object_repr": "second post to add 2",
    "action_flag": 2,
    "change_message": "[{\"changed\": {\"fields\": [\"featured\"]}}]"
  }
},
{
  "model": "admin.logentry",
  "pk": 140,
  "fields": {
    "action_time": "2019-09-08T18:29:03.894Z",
    "user": 1,
    "content_type": 8,
    "object_id": "3",
    "object_repr": "third post to add",
    "action_flag": 2,
    "change_message": "[{\"changed\": {\"fields\": [\"featured\"]}}]"
  }
},
{
  "model": "admin.logentry",
  "pk": 141,
  "fields": {
    "action_time": "2019-09-08T18:29:36.669Z",
    "user": 1,
    "content_type": 8,
    "object_id": "2",
    "object_repr": "second post to add 2",
    "action_flag": 2,
    "change_message": "[{\"changed\": {\"fields\": [\"creator\", \"thumbnail\"]}}]"
  }
},
{
  "model": "admin.logentry",
  "pk": 142,
  "fields": {
    "action_time": "2019-09-08T18:30:13.330Z",
    "user": 1,
    "content_type": 8,
    "object_id": "3",
    "object_repr": "third post to add",
    "action_flag": 2,
    "change_message": "[{\"changed\": {\"fields\": [\"creator\", \"thumbnail\"]}}]"
  }
},
{
  "model": "admin.logentry",
  "pk": 143,
  "fields": {
    "action_time": "2019-09-09T06:16:46.914Z",
    "user": 1,
    "content_type": 20,
    "object_id": "5",
    "object_repr": "GIS",
    "action_flag": 1,
    "change_message": "[{\"added\": {}}]"
  }
},
{
  "model": "admin.logentry",
  "pk": 144,
  "fields": {
    "action_time": "2019-09-09T06:18:54.391Z",
    "user": 1,
    "content_type": 20,
    "object_id": "5",
    "object_repr": "GIS",
    "action_flag": 3,
    "change_message": ""
  }
},
{
  "model": "admin.logentry",
  "pk": 145,
  "fields": {
    "action_time": "2019-10-27T08:37:54.187Z",
    "user": 1,
    "content_type": 18,
    "object_id": "2",
    "object_repr": "Head Of Development & Technology in Accsellerate SDN BHD",
    "action_flag": 1,
    "change_message": "[{\"added\": {}}]"
  }
}
]
